                  epoch,         train/box_loss,         train/cls_loss,         train/dfl_loss,   metrics/precision(B),      metrics/recall(B),       metrics/mAP50(B),    metrics/mAP50-95(B),           val/box_loss,           val/cls_loss,           val/dfl_loss,                 lr/pg0,                 lr/pg1,                 lr/pg2
                      1,                 3.9016,                 6.1166,                 4.3664,                0.00054,                0.11647,                0.00093,                0.00042,                 4.6551,                 7.0902,                 4.1615,                0.00024,                0.00024,                0.00024
                      2,                 3.8923,                  5.723,                 4.2021,                0.00053,                0.11647,                0.00089,                0.00038,                 4.6517,                 7.0535,                  4.166,             0.00049505,             0.00049505,             0.00049505
                      3,                 3.6697,                 5.1841,                 4.1068,                0.00054,                0.12048,                0.00118,                0.00035,                 4.6419,                 6.7404,                 4.1799,             0.00074495,             0.00074495,             0.00074495
                      4,                 3.5145,                 5.2265,                 3.7595,                0.00054,                0.12048,                0.00089,                0.00033,                 4.6695,                 6.5309,                 4.2504,             0.00098971,             0.00098971,             0.00098971
                      5,                 3.4144,                 4.5521,                 3.3756,                0.00061,                0.10843,                0.00247,                0.00064,                 4.6652,                 6.2985,                 4.4126,              0.0012293,              0.0012293,              0.0012293
